class_id,class_name,pixel_count
0,background,12419350
1,aeroplane,90670
2,bicycle,29202
3,bird,50347
4,boat,129214
5,bottle,88146
6,bus,573205
7,car,285578
8,cat,267417
9,chair,371837
10,cow,97966
11,dining table,188819
12,dog,269752
13,horse,288458
14,motorbike,318446
15,person,881137
16,potted plant,104524
17,sheep,153410
18,sofa,373302
19,train,98737
20,tv/monitor,100151
255,ignore,857934
