class_name,object_count,num_images_containing_class
aeroplane,9,5
bicycle,4,4
bird,11,7
boat,20,5
bottle,12,9
bus,18,8
car,22,11
cat,8,8
chair,32,15
cow,8,3
diningtable,6,6
dog,8,7
horse,7,5
motorbike,10,7
person,56,33
pottedplant,34,11
sheep,9,4
sofa,9,9
train,4,3
tvmonitor,5,5
